track_id,start,end,closest,min_axis_km,min_penumbra_edge_km,moon_distance_at_closest_km,actual_eclipse_count,actual_eclipse_types
0,2000-01-01T00:00:00Z,2000-01-14T12:00:00Z,2000-01-06T18:30:00Z,11459.0,7798.5,404679.3,0,
1,2000-01-28T12:00:00Z,2000-02-12T18:00:00Z,2000-02-05T12:45:00Z,7806.5,4183.7,397712.8,1,Partial
2,2000-02-27T06:00:00Z,2000-03-13T06:00:00Z,2000-03-06T04:45:00Z,23721.5,20162.2,387461.7,0,
3,2000-03-28T06:00:00Z,2000-04-11T12:00:00Z,2000-04-04T18:00:00Z,31845.9,28356.5,376343.9,0,
4,2000-04-27T00:00:00Z,2000-05-10T18:00:00Z,2000-05-04T04:30:00Z,30904.3,27473.8,366652.0,0,
5,2000-05-26T12:00:00Z,2000-06-09T00:00:00Z,2000-06-02T12:45:00Z,22144.9,18751.9,360037.0,0,
6,2000-06-25T06:00:00Z,2000-07-08T12:00:00Z,2000-07-01T19:30:00Z,8179.6,4800.1,357377.5,1,Partial
7,2000-07-24T12:00:00Z,2000-08-07T00:00:00Z,2000-07-31T02:15:00Z,7761.7,4372.3,358931.9,1,Partial
8,2000-08-23T00:00:00Z,2000-09-05T12:00:00Z,2000-08-29T10:00:00Z,22159.8,18738.5,364539.1,0,
9,2000-09-21T06:00:00Z,2000-10-05T06:00:00Z,2000-09-27T19:30:00Z,31429.5,27956.4,373465.3,0,
10,2000-10-20T12:00:00Z,2000-11-04T06:00:00Z,2000-10-27T08:15:00Z,32481.3,28942.2,384428.4,0,
11,2000-11-18T18:00:00Z,2000-12-04T00:00:00Z,2000-11-25T23:45:00Z,23867.1,20261.4,395172.2,0,
12,2000-12-18T06:00:00Z,2001-01-02T18:00:00Z,2000-12-25T17:30:00Z,7254.9,3601.2,403212.7,1,Partial
13,2001-01-16T18:00:00Z,2001-02-01T12:00:00Z,2001-01-24T12:45:00Z,12214.8,8547.7,406539.7,0,
14,2001-02-15T06:00:00Z,2001-03-03T00:00:00Z,2001-02-23T07:45:00Z,27788.0,24145.1,404284.7,0,
15,2001-03-17T00:00:00Z,2001-04-01T06:00:00Z,2001-03-25T01:15:00Z,34430.7,30839.0,397110.8,0,
16,2001-04-15T18:00:00Z,2001-04-30T12:00:00Z,2001-04-23T15:45:00Z,30909.5,27379.3,386964.5,0,
17,2001-05-15T12:00:00Z,2001-05-29T18:00:00Z,2001-05-23T03:15:00Z,19372.7,15901.3,376141.8,0,
18,2001-06-14T06:00:00Z,2001-06-28T00:00:00Z,2001-06-21T12:00:00Z,3644.4,220.8,366699.0,1,Total
19,2001-07-14T00:00:00Z,2001-07-27T06:00:00Z,2001-07-20T19:30:00Z,12268.0,8875.8,360029.4,0,
20,2001-08-12T12:00:00Z,2001-08-25T18:00:00Z,2001-08-19T02:30:00Z,24780.3,21397.6,357174.6,0,
21,2001-09-11T00:00:00Z,2001-09-24T06:00:00Z,2001-09-17T10:15:00Z,31084.4,27685.4,358688.0,0,
22,2001-10-10T06:00:00Z,2001-10-24T00:00:00Z,2001-10-16T19:45:00Z,29334.6,25893.1,364598.1,0,
23,2001-11-08T18:00:00Z,2001-11-22T18:00:00Z,2001-11-15T07:00:00Z,19199.0,15696.5,374028.5,0,
24,2001-12-08T00:00:00Z,2001-12-22T18:00:00Z,2001-12-14T20:45:00Z,2637.9,-929.3,385328.6,1,Annular
25,2002-01-06T06:00:00Z,2002-01-21T12:00:00Z,2002-01-13T13:00:00Z,15895.0,12276.4,396137.6,0,
26,2002-02-04T18:00:00Z,2002-02-20T12:00:00Z,2002-02-12T07:15:00Z,30251.4,26606.7,403914.9,0,
27,2002-03-06T06:00:00Z,2002-03-22T00:00:00Z,2002-03-14T02:00:00Z,35420.0,31777.4,406705.5,0,
28,2002-04-04T18:00:00Z,2002-04-20T12:00:00Z,2002-04-12T19:45:00Z,29879.3,26263.5,403970.7,0,
29,2002-05-04T12:00:00Z,2002-05-19T18:00:00Z,2002-05-12T11:15:00Z,16074.0,12502.8,396658.3,0,
30,2002-06-03T06:00:00Z,2002-06-18T00:00:00Z,2002-06-10T23:45:00Z,1271.0,-2246.3,386669.8,1,Annular
31,2002-07-02T18:00:00Z,2002-07-17T00:00:00Z,2002-07-10T10:00:00Z,17256.1,13792.1,375982.4,0,
32,2002-08-01T12:00:00Z,2002-08-15T06:00:00Z,2002-08-08T19:00:00Z,28072.0,24650.6,366424.2,0,
33,2002-08-31T06:00:00Z,2002-09-13T18:00:00Z,2002-09-07T03:15:00Z,31432.8,28034.0,359668.7,0,
34,2002-09-29T18:00:00Z,2002-10-13T00:00:00Z,2002-10-06T11:45:00Z,26658.2,23257.0,356923.7,0,
35,2002-10-29T06:00:00Z,2002-11-11T18:00:00Z,2002-11-04T21:00:00Z,14663.0,11236.0,358831.5,0,
36,2002-11-27T18:00:00Z,2002-12-11T12:00:00Z,2002-12-04T07:30:00Z,1925.8,-1543.4,365225.9,1,Total
37,2002-12-27T06:00:00Z,2003-01-10T12:00:00Z,2003-01-02T20:00:00Z,18844.6,15326.4,375116.3,0,
38,2003-01-25T12:00:00Z,2003-02-09T06:00:00Z,2003-02-01T10:30:00Z,31030.5,27465.2,386579.1,0,
39,2003-02-23T18:00:00Z,2003-03-11T06:00:00Z,2003-03-03T02:45:00Z,34276.1,30673.0,397103.9,0,
40,2003-03-25T06:00:00Z,2003-04-09T18:00:00Z,2003-04-01T19:45:00Z,27177.9,23553.8,404248.0,0,
41,2003-04-23T18:00:00Z,2003-05-09T06:00:00Z,2003-05-01T12:30:00Z,11992.8,8370.2,406515.7,0,
42,2003-05-23T06:00:00Z,2003-06-07T18:00:00Z,2003-05-31T04:15:00Z,6364.9,2766.6,403651.6,1,Annular
43,2003-06-21T18:00:00Z,2003-07-07T00:00:00Z,2003-06-29T18:15:00Z,22341.1,18783.7,396496.6,0,
44,2003-07-21T12:00:00Z,2003-08-05T06:00:00Z,2003-07-29T06:30:00Z,31718.4,28207.4,386589.4,0,
45,2003-08-20T06:00:00Z,2003-09-03T12:00:00Z,2003-08-27T17:45:00Z,32426.0,28956.9,375751.9,0,
46,2003-09-19T00:00:00Z,2003-10-02T18:00:00Z,2003-09-26T03:30:00Z,24685.7,21245.8,366126.3,0,
47,2003-10-18T18:00:00Z,2003-11-01T00:00:00Z,2003-10-25T13:00:00Z,10654.5,7228.9,359372.4,0,
48,2003-11-17T06:00:00Z,2003-11-30T12:00:00Z,2003-11-23T22:45:00Z,6150.4,2724.5,356813.1,1,Total
49,2003-12-16T18:00:00Z,2003-12-30T06:00:00Z,2003-12-23T09:15:00Z,21374.4,17934.0,359093.6,0,
50,2004-01-15T06:00:00Z,2004-01-29T06:00:00Z,2004-01-21T20:45:00Z,30836.5,27367.3,365962.8,0,
51,2004-02-13T18:00:00Z,2004-02-28T00:00:00Z,2004-02-20T09:30:00Z,31570.0,28060.6,376151.7,0,
52,2004-03-14T00:00:00Z,2004-03-28T18:00:00Z,2004-03-20T23:15:00Z,22954.5,19402.1,387497.0,0,
53,2004-04-12T06:00:00Z,2004-04-27T12:00:00Z,2004-04-19T13:30:00Z,7231.2,3644.3,397550.5,1,Partial
54,2004-05-11T12:00:00Z,2004-05-27T06:00:00Z,2004-05-19T04:30:00Z,11035.3,7430.5,404353.0,0,
55,2004-06-10T00:00:00Z,2004-06-25T18:00:00Z,2004-06-17T20:00:00Z,26425.3,22821.5,406563.9,0,
56,2004-07-09T12:00:00Z,2004-07-25T00:00:00Z,2004-07-17T11:15:00Z,34448.5,30860.9,403742.4,0,
57,2004-08-08T00:00:00Z,2004-08-23T06:00:00Z,2004-08-16T01:45:00Z,32947.6,29386.3,396483.8,0,
58,2004-09-06T18:00:00Z,2004-09-21T12:00:00Z,2004-09-14T15:00:00Z,22620.8,19091.2,386299.3,0,
59,2004-10-06T12:00:00Z,2004-10-20T18:00:00Z,2004-10-14T03:00:00Z,6601.7,3106.2,375218.7,1,Partial
60,2004-11-05T06:00:00Z,2004-11-19T00:00:00Z,2004-11-12T14:15:00Z,10586.4,7124.4,365358.2,0,
61,2004-12-05T06:00:00Z,2004-12-18T12:00:00Z,2004-12-12T01:00:00Z,24276.0,20840.0,358682.4,0,
62,2005-01-03T18:00:00Z,2005-01-17T06:00:00Z,2005-01-10T12:00:00Z,30859.2,27433.7,356577.0,0,
63,2005-02-02T12:00:00Z,2005-02-16T00:00:00Z,2005-02-08T22:45:00Z,28637.0,25202.0,359543.6,0,
64,2005-03-03T18:00:00Z,2005-03-17T18:00:00Z,2005-03-10T09:30:00Z,18188.5,14726.8,366896.8,0,
65,2005-04-02T06:00:00Z,2005-04-16T12:00:00Z,2005-04-08T20:30:00Z,2240.1,-1256.9,377072.8,1,Hybrid
66,2005-05-01T12:00:00Z,2005-05-16T06:00:00Z,2005-05-08T08:15:00Z,15056.7,11523.6,388088.1,0,
67,2005-05-30T12:00:00Z,2005-06-15T00:00:00Z,2005-06-06T21:30:00Z,28872.7,25307.5,397910.8,0,
68,2005-06-29T00:00:00Z,2005-07-14T12:00:00Z,2005-07-06T12:00:00Z,35190.8,31600.5,404554.2,0,
69,2005-07-28T06:00:00Z,2005-08-13T00:00:00Z,2005-08-05T03:30:00Z,31887.5,28282.1,406610.6,0,
70,2005-08-26T18:00:00Z,2005-09-11T06:00:00Z,2005-09-03T19:15:00Z,19674.2,16068.5,403570.3,0,
71,2005-09-25T12:00:00Z,2005-10-10T18:00:00Z,2005-10-03T10:30:00Z,2111.9,-1475.8,396032.1,1,Annular
72,2005-10-25T06:00:00Z,2005-11-09T00:00:00Z,2005-11-02T01:00:00Z,15509.1,11957.2,385507.7,0,
73,2005-11-24T00:00:00Z,2005-12-08T06:00:00Z,2005-12-01T14:45:00Z,27954.6,24448.6,374134.7,0,
74,2005-12-24T00:00:00Z,2006-01-06T18:00:00Z,2005-12-31T03:15:00Z,31824.8,28362.1,364388.9,0,
75,2006-01-22T18:00:00Z,2006-02-05T06:00:00Z,2006-01-29T14:45:00Z,26504.5,23072.0,358273.2,0,
76,2006-02-21T12:00:00Z,2006-03-06T18:00:00Z,2006-02-28T00:45:00Z,13896.3,10476.3,356918.7,0,
77,2006-03-23T00:00:00Z,2006-04-05T12:00:00Z,2006-03-29T10:15:00Z,2462.4,-961.4,360322.0,1,Total
78,2006-04-21T06:00:00Z,2006-05-05T00:00:00Z,2006-04-27T19:15:00Z,18355.3,14913.3,367641.2,0,
79,2006-05-20T12:00:00Z,2006-06-03T18:00:00Z,2006-05-27T05:00:00Z,29850.9,26377.3,377561.9,0,
80,2006-06-18T18:00:00Z,2006-07-03T12:00:00Z,2006-06-25T16:00:00Z,33858.4,30342.3,388312.9,0,
81,2006-07-18T00:00:00Z,2006-08-02T06:00:00Z,2006-07-25T05:00:00Z,28849.2,25285.3,397951.7,0,
82,2006-08-16T06:00:00Z,2006-08-31T18:00:00Z,2006-08-23T19:30:00Z,15581.8,11976.0,404477.8,0,
83,2006-09-14T12:00:00Z,2006-09-30T06:00:00Z,2006-09-22T11:45:00Z,2603.4,-1027.1,406474.5,1,Annular
84,2006-10-14T06:00:00Z,2006-10-29T18:00:00Z,2006-10-22T04:45:00Z,20234.2,16605.0,403281.0,0,
85,2006-11-12T18:00:00Z,2006-11-28T06:00:00Z,2006-11-20T22:00:00Z,31647.0,28044.9,395367.6,0,
86,2006-12-12T18:00:00Z,2006-12-27T12:00:00Z,2006-12-20T14:15:00Z,33226.5,29669.3,384462.1,0,
87,2007-01-11T18:00:00Z,2007-01-25T18:00:00Z,2007-01-19T04:30:00Z,24975.2,21469.3,373128.9,0,
88,2007-02-10T12:00:00Z,2007-02-24T06:00:00Z,2007-02-17T16:30:00Z,10077.3,6619.9,363827.2,0,
89,2007-03-12T06:00:00Z,2007-03-25T18:00:00Z,2007-03-19T02:30:00Z,6844.8,3425.9,358255.5,1,Partial
90,2007-04-11T00:00:00Z,2007-04-24T06:00:00Z,2007-04-17T11:15:00Z,21370.1,17972.8,357187.4,0,
91,2007-05-10T06:00:00Z,2007-05-23T18:00:00Z,2007-05-16T19:15:00Z,30186.9,26788.7,360613.7,0,
92,2007-06-08T12:00:00Z,2007-06-22T12:00:00Z,2007-06-15T03:30:00Z,31366.2,27942.4,367864.8,0,
93,2007-07-07T18:00:00Z,2007-07-22T06:00:00Z,2007-07-14T12:30:00Z,24417.4,20947.3,377660.3,0,
94,2007-08-06T00:00:00Z,2007-08-20T18:00:00Z,2007-08-12T23:15:00Z,10540.3,7012.2,388368.0,0,
95,2007-09-04T06:00:00Z,2007-09-19T12:00:00Z,2007-09-11T12:30:00Z,7178.8,3593.4,398078.2,1,Partial
96,2007-10-03T12:00:00Z,2007-10-19T06:00:00Z,2007-10-11T04:30:00Z,23868.3,20239.1,404748.8,0,
97,2007-11-02T00:00:00Z,2007-11-17T18:00:00Z,2007-11-09T22:45:00Z,34021.7,30371.8,406609.8,0,
98,2007-12-01T18:00:00Z,2007-12-17T06:00:00Z,2007-12-09T18:00:00Z,33771.3,30128.4,402875.9,0,
99,2007-12-31T12:00:00Z,2008-01-15T18:00:00Z,2008-01-08T12:15:00Z,23132.9,19523.9,394370.7,0,
100,2008-01-30T06:00:00Z,2008-02-14T00:00:00Z,2008-02-07T04:00:00Z,6109.5,2555.6,383304.4,1,Annular
101,2008-02-29T06:00:00Z,2008-03-14T06:00:00Z,2008-03-07T17:00:00Z,11553.2,8063.9,372236.3,0,
102,2008-03-30T00:00:00Z,2008-04-12T18:00:00Z,2008-04-06T03:30:00Z,24871.5,21441.3,363361.7,0,
103,2008-04-28T18:00:00Z,2008-05-12T00:00:00Z,2008-05-05T12:15:00Z,30974.0,27583.6,358150.0,0,
104,2008-05-28T06:00:00Z,2008-06-10T12:00:00Z,2008-06-03T19:45:00Z,29043.2,25665.3,357323.9,0,
105,2008-06-26T18:00:00Z,2008-07-10T00:00:00Z,2008-07-03T02:45:00Z,19825.5,16432.2,360827.7,0,
106,2008-07-26T00:00:00Z,2008-08-08T18:00:00Z,2008-08-01T10:15:00Z,5311.0,1879.2,368018.5,1,Total
107,2008-08-24T00:00:00Z,2008-09-07T12:00:00Z,2008-08-30T19:45:00Z,11426.8,7940.7,377877.1,0,
108,2008-09-22T06:00:00Z,2008-10-07T06:00:00Z,2008-09-29T07:45:00Z,26181.5,22634.1,388773.2,0,
109,2008-10-21T12:00:00Z,2008-11-06T00:00:00Z,2008-10-28T23:00:00Z,34373.7,30767.2,398645.7,0,
110,2008-11-20T00:00:00Z,2008-12-05T18:00:00Z,2008-11-27T17:15:00Z,32494.9,28844.0,405136.1,0,
111,2008-12-19T12:00:00Z,2009-01-04T06:00:00Z,2008-12-27T13:00:00Z,20303.9,16637.0,406395.1,0,
112,2009-01-18T06:00:00Z,2009-02-02T18:00:00Z,2009-01-26T08:00:00Z,1798.7,-1847.6,402066.9,1,Annular
113,2009-02-17T00:00:00Z,2009-03-04T06:00:00Z,2009-02-25T01:15:00Z,16520.8,12927.5,393351.1,0,
114,2009-03-18T18:00:00Z,2009-04-02T12:00:00Z,2009-03-26T15:45:00Z,28905.3,25381.4,382457.4,0,
115,2009-04-17T18:00:00Z,2009-05-01T18:00:00Z,2009-04-25T03:30:00Z,32520.1,29062.2,371767.5,0,
116,2009-05-17T12:00:00Z,2009-05-31T00:00:00Z,2009-05-24T12:30:00Z,27477.3,24068.1,363329.8,0,
117,2009-06-16T00:00:00Z,2009-06-29T06:00:00Z,2009-06-22T20:00:00Z,15801.9,12418.4,358369.7,0,
118,2009-07-15T12:00:00Z,2009-07-28T18:00:00Z,2009-07-22T02:30:00Z,552.9,-2828.9,357530.4,1,Total
119,2009-08-14T00:00:00Z,2009-08-27T06:00:00Z,2009-08-20T09:45:00Z,15204.2,11801.4,360906.3,0,
120,2009-09-12T06:00:00Z,2009-09-26T00:00:00Z,2009-09-18T18:15:00Z,27530.4,24085.5,368106.5,0,
121,2009-10-11T12:00:00Z,2009-10-26T00:00:00Z,2009-10-18T05:30:00Z,33066.7,29561.9,378215.6,0,
122,2009-11-09T18:00:00Z,2009-11-24T18:00:00Z,2009-11-16T19:45:00Z,29335.0,25762.0,389431.9,0,
123,2009-12-09T06:00:00Z,2009-12-24T12:00:00Z,2009-12-16T12:30:00Z,16287.5,12655.1,399281.0,0,
124,2010-01-07T12:00:00Z,2010-01-23T06:00:00Z,2010-01-15T07:00:00Z,2575.9,-1088.1,405387.1,1,Annular
125,2010-02-06T00:00:00Z,2010-02-22T00:00:00Z,2010-02-14T02:15:00Z,20865.8,17207.9,406211.9,0,
126,2010-03-07T18:00:00Z,2010-03-23T06:00:00Z,2010-03-15T20:45:00Z,32400.3,28781.6,401575.5,0,
127,2010-04-06T12:00:00Z,2010-04-21T18:00:00Z,2010-04-14T12:45:00Z,33935.3,30374.1,392816.4,0,
128,2010-05-06T06:00:00Z,2010-05-20T18:00:00Z,2010-05-14T01:30:00Z,26076.1,22575.4,382152.2,0,
129,2010-06-05T00:00:00Z,2010-06-19T00:00:00Z,2010-06-12T11:30:00Z,11981.0,8533.6,371745.9,0,
130,2010-07-04T18:00:00Z,2010-07-18T06:00:00Z,2010-07-11T19:30:00Z,4335.0,927.4,363360.4,1,Total
131,2010-08-03T06:00:00Z,2010-08-16T18:00:00Z,2010-08-10T02:45:00Z,19000.4,15613.9,358241.0,0,
132,2010-09-01T18:00:00Z,2010-09-15T00:00:00Z,2010-09-08T10:15:00Z,28783.6,25394.5,357256.4,0,
133,2010-10-01T06:00:00Z,2010-10-14T18:00:00Z,2010-10-07T18:45:00Z,31264.6,27846.5,360765.6,0,
134,2010-10-30T18:00:00Z,2010-11-13T12:00:00Z,2010-11-06T05:15:00Z,25249.0,21778.7,368448.2,0,
135,2010-11-29T00:00:00Z,2010-12-13T12:00:00Z,2010-12-05T18:00:00Z,11474.1,7939.7,379053.8,0,
136,2010-12-28T06:00:00Z,2011-01-12T06:00:00Z,2011-01-04T08:45:00Z,6784.1,3190.9,390435.2,1,Partial
137,2011-01-26T18:00:00Z,2011-02-11T06:00:00Z,2011-02-03T02:00:00Z,23945.3,20313.2,400174.2,0,
138,2011-02-25T00:00:00Z,2011-03-12T18:00:00Z,2011-03-04T20:30:00Z,34163.8,30519.9,405855.0,0,
139,2011-03-26T18:00:00Z,2011-04-11T12:00:00Z,2011-04-03T14:45:00Z,33969.9,30340.3,406136.7,0,
140,2011-04-25T06:00:00Z,2011-05-10T18:00:00Z,2011-05-03T07:30:00Z,23896.8,20302.2,401179.3,0,
141,2011-05-25T00:00:00Z,2011-06-09T00:00:00Z,2011-06-01T21:15:00Z,7737.6,4191.6,392483.9,1,Partial
142,2011-06-23T12:00:00Z,2011-07-08T06:00:00Z,2011-07-01T08:45:00Z,9521.7,6029.1,381933.6,1,Partial
143,2011-07-23T06:00:00Z,2011-08-06T06:00:00Z,2011-07-30T18:15:00Z,23390.6,19946.4,371530.8,0,
144,2011-08-22T00:00:00Z,2011-09-04T12:00:00Z,2011-08-29T03:00:00Z,30766.8,27356.0,362991.1,0,
145,2011-09-20T18:00:00Z,2011-10-04T00:00:00Z,2011-09-27T11:15:00Z,30102.4,26702.5,357876.9,0,
146,2011-10-20T06:00:00Z,2011-11-02T12:00:00Z,2011-10-26T20:15:00Z,21490.6,18077.2,357157.3,0,
147,2011-11-18T18:00:00Z,2011-12-02T06:00:00Z,2011-11-25T06:15:00Z,6731.1,3284.2,361164.9,1,Partial
148,2011-12-18T06:00:00Z,2012-01-01T06:00:00Z,2011-12-24T17:45:00Z,10658.4,7166.7,369341.0,0,
149,2012-01-16T12:00:00Z,2012-01-31T00:00:00Z,2012-01-23T07:15:00Z,25815.8,22276.8,380249.2,0,
150,2012-02-14T18:00:00Z,2012-03-01T00:00:00Z,2012-02-21T22:30:00Z,33913.3,30332.1,391598.4,0,
151,2012-03-15T06:00:00Z,2012-03-30T18:00:00Z,2012-03-22T15:00:00Z,31989.7,28378.2,400832.7,0,
152,2012-04-13T12:00:00Z,2012-04-29T06:00:00Z,2012-04-21T07:45:00Z,20468.8,16846.0,405892.8,0,
153,2012-05-13T00:00:00Z,2012-05-28T18:00:00Z,2012-05-21T00:00:00Z,3103.0,-508.8,405850.0,1,Annular
154,2012-06-11T12:00:00Z,2012-06-27T00:00:00Z,2012-06-19T14:45:00Z,14757.5,11176.9,400965.1,0,
155,2012-07-11T06:00:00Z,2012-07-26T06:00:00Z,2012-07-19T04:00:00Z,27958.3,24420.8,392382.2,0,
156,2012-08-10T00:00:00Z,2012-08-24T12:00:00Z,2012-08-17T15:45:00Z,33247.2,29753.6,381816.6,0,
157,2012-09-08T18:00:00Z,2012-09-22T18:00:00Z,2012-09-16T02:30:00Z,29637.4,26179.8,371228.4,0,
158,2012-10-08T12:00:00Z,2012-10-22T00:00:00Z,2012-10-15T12:30:00Z,18361.8,14926.8,362620.6,0,
159,2012-11-07T06:00:00Z,2012-11-20T12:00:00Z,2012-11-13T22:15:00Z,2383.2,-1043.3,357612.0,1,Total
160,2012-12-06T18:00:00Z,2012-12-20T00:00:00Z,2012-12-13T08:15:00Z,14241.7,10809.8,357215.1,0,
161,2013-01-05T06:00:00Z,2013-01-18T18:00:00Z,2013-01-11T19:15:00Z,27053.3,23602.0,361681.5,0,
162,2013-02-03T18:00:00Z,2013-02-17T18:00:00Z,2013-02-10T07:15:00Z,32378.8,28894.6,370274.2,0,
163,2013-03-05T00:00:00Z,2013-03-19T12:00:00Z,2013-03-11T20:15:00Z,28372.1,24846.3,381249.9,0,
164,2013-04-03T06:00:00Z,2013-04-18T12:00:00Z,2013-04-10T10:00:00Z,15846.9,12281.1,392260.4,0,
165,2013-05-02T12:00:00Z,2013-05-18T00:00:00Z,2013-05-10T00:30:00Z,1738.9,-1855.2,401067.6,1,Annular
166,2013-06-01T00:00:00Z,2013-06-16T12:00:00Z,2013-06-08T15:30:00Z,19207.6,15602.9,405942.7,0,
167,2013-06-30T06:00:00Z,2013-07-16T00:00:00Z,2013-07-08T06:45:00Z,31472.7,27874.4,405943.3,0,
168,2013-07-29T18:00:00Z,2013-08-14T06:00:00Z,2013-08-06T22:00:00Z,34986.4,31407.7,401025.5,0,
169,2013-08-28T12:00:00Z,2013-09-12T12:00:00Z,2013-09-05T12:00:00Z,28908.6,25357.6,392241.9,0,
170,2013-09-27T06:00:00Z,2013-10-11T18:00:00Z,2013-10-05T01:00:00Z,15208.8,11690.7,381334.3,0,
171,2013-10-27T00:00:00Z,2013-11-10T00:00:00Z,2013-11-03T12:45:00Z,2086.8,-1396.3,370509.2,1,Hybrid
172,2013-11-26T00:00:00Z,2013-12-09T12:00:00Z,2013-12-03T00:00:00Z,18140.9,14690.3,361832.1,0,
173,2013-12-25T18:00:00Z,2014-01-08T00:00:00Z,2014-01-01T11:00:00Z,28644.7,25215.6,357095.2,0,
174,2014-01-24T06:00:00Z,2014-02-06T18:00:00Z,2014-01-30T21:45:00Z,30884.8,27458.7,357318.9,0,
175,2014-02-22T18:00:00Z,2014-03-08T12:00:00Z,2014-03-01T08:30:00Z,24351.6,20908.7,362427.3,0,
176,2014-03-24T06:00:00Z,2014-04-07T06:00:00Z,2014-03-30T19:00:00Z,10751.7,7278.0,371237.1,0,
177,2014-04-22T12:00:00Z,2014-05-07T00:00:00Z,2014-04-29T06:00:00Z,6382.6,2872.5,381990.8,1,Annular
178,2014-05-21T18:00:00Z,2014-06-05T18:00:00Z,2014-05-28T18:15:00Z,22494.9,18949.3,392704.9,0,
179,2014-06-20T00:00:00Z,2014-07-05T06:00:00Z,2014-06-27T07:45:00Z,33071.4,29494.9,401304.2,0,
180,2014-07-19T06:00:00Z,2014-08-04T00:00:00Z,2014-07-26T23:00:00Z,34841.5,31241.9,406079.7,0,
181,2014-08-17T18:00:00Z,2014-09-02T06:00:00Z,2014-08-25T14:45:00Z,26917.7,23307.3,405886.9,0,
182,2014-09-16T06:00:00Z,2014-10-01T18:00:00Z,2014-09-24T06:30:00Z,11439.6,7835.9,400710.1,0,
183,2014-10-16T00:00:00Z,2014-10-31T00:00:00Z,2014-10-23T21:45:00Z,6955.3,3378.4,391566.8,1,Partial
184,2014-11-14T18:00:00Z,2014-11-29T06:00:00Z,2014-11-22T12:00:00Z,22668.1,19134.0,380354.9,0,
185,2014-12-14T18:00:00Z,2014-12-28T18:00:00Z,2014-12-22T01:30:00Z,31132.6,27646.5,369384.5,0,
186,2015-01-13T12:00:00Z,2015-01-27T00:00:00Z,2015-01-20T13:30:00Z,30304.9,26858.6,361094.3,0,
187,2015-02-12T06:00:00Z,2015-02-25T12:00:00Z,2015-02-19T00:15:00Z,20974.0,17551.2,357084.7,0,
188,2015-03-13T18:00:00Z,2015-03-27T06:00:00Z,2015-03-20T09:45:00Z,6028.5,2611.6,357921.3,1,Total
189,2015-04-12T06:00:00Z,2015-04-25T18:00:00Z,2015-04-18T18:45:00Z,10575.0,7148.0,363193.2,0,
190,2015-05-11T12:00:00Z,2015-05-25T12:00:00Z,2015-05-18T03:45:00Z,24722.6,21270.9,371812.0,0,
191,2015-06-09T18:00:00Z,2015-06-24T06:00:00Z,2015-06-16T13:45:00Z,32861.2,29371.5,382284.4,0,
192,2015-07-09T00:00:00Z,2015-07-24T00:00:00Z,2015-07-16T01:45:00Z,32563.4,29025.9,392815.9,0,
193,2015-08-07T06:00:00Z,2015-08-22T18:00:00Z,2015-08-14T15:30:00Z,23293.3,19707.3,401308.7,0,
194,2015-09-05T12:00:00Z,2015-09-21T06:00:00Z,2015-09-13T07:00:00Z,7027.1,3404.0,405990.1,1,Partial
195,2015-10-05T00:00:00Z,2015-10-20T18:00:00Z,2015-10-12T23:45:00Z,11723.4,8086.4,405699.0,0,
196,2015-11-03T18:00:00Z,2015-11-19T06:00:00Z,2015-11-11T17:15:00Z,27011.4,23388.6,400244.6,0,
197,2015-12-03T12:00:00Z,2015-12-18T12:00:00Z,2015-12-11T10:30:00Z,33824.7,30239.8,390661.5,0,
198,2016-01-02T06:00:00Z,2016-01-16T18:00:00Z,2016-01-10T02:00:00Z,30269.3,26735.2,379222.4,0,
199,2016-02-01T06:00:00Z,2016-02-15T06:00:00Z,2016-02-08T15:00:00Z,18156.1,14674.4,368584.7,0,
200,2016-03-02T00:00:00Z,2016-03-15T12:00:00Z,2016-03-09T02:00:00Z,1671.5,-1764.2,360823.4,1,Total
201,2016-03-31T18:00:00Z,2016-04-14T00:00:00Z,2016-04-07T11:00:00Z,14537.0,11133.5,357239.4,0,
202,2016-04-30T06:00:00Z,2016-05-13T12:00:00Z,2016-05-06T19:00:00Z,26554.1,23162.4,358191.0,0,
203,2016-05-29T18:00:00Z,2016-06-12T06:00:00Z,2016-06-05T03:00:00Z,31777.3,28372.6,363402.7,0,
204,2016-06-28T00:00:00Z,2016-07-12T00:00:00Z,2016-07-04T11:15:00Z,28974.9,25533.2,371907.8,0,
205,2016-07-27T00:00:00Z,2016-08-10T18:00:00Z,2016-08-02T21:15:00Z,18402.1,14905.5,382371.1,0,
206,2016-08-25T06:00:00Z,2016-09-09T06:00:00Z,2016-09-01T09:00:00Z,2158.3,-1398.9,392884.0,1,Annular
207,2016-09-23T12:00:00Z,2016-10-09T00:00:00Z,2016-09-30T23:45:00Z,15833.4,12222.6,401537.8,0,
208,2016-10-23T00:00:00Z,2016-11-07T18:00:00Z,2016-10-30T17:15:00Z,30023.9,26378.8,406264.6,0,
209,2016-11-21T12:00:00Z,2016-12-07T06:00:00Z,2016-11-29T12:15:00Z,35342.6,31690.0,405614.9,0,
210,2016-12-21T06:00:00Z,2017-01-05T18:00:00Z,2016-12-29T07:30:00Z,29649.9,26018.6,399501.9,0,
211,2017-01-20T00:00:00Z,2017-02-04T00:00:00Z,2017-01-28T00:30:00Z,15138.2,11553.3,389554.6,0,
212,2017-02-19T00:00:00Z,2017-03-05T06:00:00Z,2017-02-26T15:00:00Z,2944.6,-577.7,378191.7,1,Annular
213,2017-03-20T18:00:00Z,2017-04-03T18:00:00Z,2017-03-28T02:30:00Z,18917.1,15459.2,367932.4,0,
214,2017-04-19T12:00:00Z,2017-05-03T00:00:00Z,2017-04-26T12:00:00Z,28891.1,25484.7,360566.4,0,
215,2017-05-19T06:00:00Z,2017-06-01T12:00:00Z,2017-05-25T19:45:00Z,31052.0,27672.7,357261.1,0,
216,2017-06-17T12:00:00Z,2017-07-01T00:00:00Z,2017-06-24T03:00:00Z,25403.2,22022.3,358367.5,0,
217,2017-07-17T00:00:00Z,2017-07-30T12:00:00Z,2017-07-23T10:00:00Z,13288.0,9879.2,363571.2,0,
218,2017-08-15T06:00:00Z,2017-08-29T06:00:00Z,2017-08-21T18:30:00Z,2799.8,-656.8,372115.3,1,Total
219,2017-09-13T12:00:00Z,2017-09-28T00:00:00Z,2017-09-20T05:00:00Z,19156.2,15640.1,382655.4,0,
220,2017-10-12T18:00:00Z,2017-10-27T18:00:00Z,2017-10-19T18:45:00Z,31284.6,27706.3,393437.9,0,
221,2017-11-11T00:00:00Z,2017-11-26T12:00:00Z,2017-11-18T11:45:00Z,34809.4,31177.3,402118.3,0,
222,2017-12-10T12:00:00Z,2017-12-26T06:00:00Z,2017-12-18T07:00:00Z,27575.8,23912.0,406411.9,0,
223,2018-01-09T00:00:00Z,2018-01-24T18:00:00Z,2018-01-17T02:45:00Z,11521.1,7859.6,405081.2,0,
224,2018-02-07T18:00:00Z,2018-02-23T06:00:00Z,2018-02-15T20:45:00Z,7736.3,4113.1,398587.1,1,Partial
225,2018-03-09T12:00:00Z,2018-03-24T12:00:00Z,2018-03-17T12:45:00Z,23661.6,20102.1,388614.8,0,
226,2018-04-08T12:00:00Z,2018-04-22T18:00:00Z,2018-04-16T01:45:00Z,31880.3,28390.5,377577.7,0,
227,2018-05-08T06:00:00Z,2018-05-22T00:00:00Z,2018-05-15T12:00:00Z,31103.1,27671.8,367711.3,0,
228,2018-06-07T00:00:00Z,2018-06-20T06:00:00Z,2018-06-13T20:15:00Z,22510.9,19117.1,360676.5,0,
229,2018-07-06T12:00:00Z,2018-07-19T18:00:00Z,2018-07-13T03:00:00Z,8637.8,5257.6,357482.5,1,Partial
230,2018-08-05T00:00:00Z,2018-08-07T06:00:00Z,2018-08-07T18:00:00Z,286027.3,283238.3,365694.2,0,
